company,order,lag,cv_rmse,cv_mae,cv_aic,insample_rmse,insample_mae,n225_coef,n225_pvalue,splits
明豊エンタープライズ,"(1, 0, 1)",0,0.9436763551126697,0.6401381066148004,386.18681855807654,0.9782716018716402,0.5979523392106689,0.14939536137368262,0.002402856136914222,5
明豊エンタープライズ,"(1, 0, 1)",1,0.9091635463222774,0.6316177224569671,364.48923397465404,0.9115757196100924,0.5857530766316646,0.38236349359248106,1.543875473137242e-21,5
明豊エンタープライズ,"(1, 0, 1)",2,0.9855847922185553,0.7102920844043891,360.9089713150463,0.9261793631727003,0.6216838379861533,0.322395028107021,4.170232771423519e-08,5
明豊エンタープライズ,"(1, 0, 1)",3,0.9507228651675599,0.6642099828372202,378.2863480977927,0.9763527748430718,0.6057928913931923,0.07939601630952177,0.3188666494915299,5
明豊エンタープライズ,"(1, 0, 1)",6,0.9345821160253989,0.6458483673654498,385.61083832777615,0.9776950444518154,0.6033519728812216,0.07177624107603076,0.31285173445842696,5
明豊エンタープライズ,"(1, 1, 1)",0,0.9585563005310892,0.655682461960211,392.95407139929483,0.9940225241552713,0.6133558051246799,0.11083330948120106,0.002483684861030753,5
明豊エンタープライズ,"(1, 1, 1)",1,0.9300168403396804,0.6452190482789371,370.2977600770998,0.927532720155562,0.5912411047277296,0.3586334126384376,2.5316332284643605e-31,5
明豊エンタープライズ,"(1, 1, 1)",2,0.9956578323070255,0.718656096627431,366.2928180793333,0.9370329627354249,0.6313317958611275,0.31748536074813916,2.5620439642854894e-09,5
明豊エンタープライズ,"(1, 1, 1)",3,0.9625437327094412,0.6716584095131819,380.46300457556447,0.9854566120434454,0.6143217742294865,0.06641546343032431,0.3226670604334638,5
明豊エンタープライズ,"(1, 1, 1)",6,1.050620957764003,0.8022343136746184,387.9077652811966,0.9854722749881515,0.614389005667833,0.0656751139880759,0.27554584456544484,5
明豊エンタープライズ,"(2, 0, 1)",0,0.9402030888455473,0.6412919618292446,387.27416925348086,0.9808287265040606,0.6035124454364401,0.18937111417943964,8.846976370225291e-05,5
明豊エンタープライズ,"(2, 0, 1)",1,0.8977002215050998,0.6251303681272491,365.4100712267418,0.9123026972306546,0.5926310342172283,0.39172570207163937,6.632148882244906e-28,5
明豊エンタープライズ,"(2, 0, 1)",2,0.9784802800329236,0.7050061405553306,361.75626682769024,0.9270666861947904,0.6217115605054967,0.3243508680961752,2.65870948671777e-08,5
明豊エンタープライズ,"(2, 0, 1)",3,0.9436972929612812,0.664467682447658,377.2103376028093,0.9742741771157085,0.6078043863188074,0.11074056480036217,0.1615912917684631,5
明豊エンタープライズ,"(2, 0, 1)",6,0.9517171623496667,0.6495919716240737,386.5379539547047,0.9772930993792036,0.6036922990705723,0.06643002999689025,0.3713526085908875,5
明和地所,"(1, 0, 1)",0,0.9550715198556178,0.7110291618078635,453.9630115545824,0.9846226879931085,0.694727936711951,0.05982206283052081,0.23758579684326364,5
明和地所,"(1, 0, 1)",1,0.8760465863121084,0.633091570936255,414.080274548793,0.8790296999573881,0.6158535464763333,0.4616892567842049,6.482121520299412e-26,5
明和地所,"(1, 0, 1)",2,0.9391330984376822,0.6936166568534502,444.9443735581537,0.9835440940884421,0.6958291955174598,0.058355537938717755,0.31642646812562913,5
明和地所,"(1, 0, 1)",3,0.9365370927742152,0.6932554419051521,442.88619332944546,0.9837355349451822,0.6985112751090082,0.08589597949151505,0.1274709873264892,5
明和地所,"(1, 0, 1)",6,0.9491035839273259,0.6952771443331014,443.68678632805256,0.9886330759222483,0.6995096094096577,-0.034910183200399354,0.4637893794875243,5
明和地所,"(1, 1, 1)",0,0.9607869830292455,0.7138896005480324,458.49156709294493,1.0070131867725802,0.713402630182438,0.048678966860355506,0.345483233246173,5
明和地所,"(1, 1, 1)",1,0.8687805883673161,0.6261510160807562,419.2966518642228,0.8967504151695282,0.6332496592627472,0.4695610348320711,6.134841464409024e-29,5
明和地所,"(1, 1, 1)",2,0.9682184948324982,0.7194116202643623,451.0608474806093,1.0168390877269247,0.718554115437214,0.05980235102083115,0.32176496347951955,5
明和地所,"(1, 1, 1)",3,0.9533544073835734,0.7087918876211893,449.84675506001884,1.0265556287980255,0.7279777218833745,0.0605962102366112,0.27787053976114273,5
明和地所,"(1, 1, 1)",6,0.9626192773796232,0.7073350008010872,450.18441739031766,1.0139035152871423,0.7180537387109692,-0.030777736454151494,0.5549363177059411,5
明和地所,"(2, 0, 1)",0,0.9513591271723294,0.7066171538878961,454.4530734089259,0.9846169580467896,0.6947080995248377,0.06080192213891017,0.22987648132152483,5
明和地所,"(2, 0, 1)",1,0.8784805146614844,0.6350332366166823,410.8215194660546,0.8706947364150096,0.6287847357908418,0.5034420559894002,1.2891054095237138e-29,5
明和地所,"(2, 0, 1)",2,0.938036501037646,0.6927162625455558,446.13206064155736,0.9834062161198336,0.6956270910429294,0.06999159244259782,0.25213875962793453,5
明和地所,"(2, 0, 1)",3,0.9511785724582136,0.7050532805842105,443.6931251420725,0.983324466825986,0.7000942078615373,0.09713887396652965,0.10472658971884075,5
明和地所,"(2, 0, 1)",6,0.9486743237086518,0.6948059862607581,445.4613335225798,0.988534660469076,0.6996056256623729,-0.03565476941919717,0.45283751584090715,5
ゴールドクレスト,"(1, 0, 1)",0,0.9303088173933567,0.723562777244622,459.2132084112533,0.978218866729811,0.7318064872285599,0.19102314457068797,0.0008427020962283608,5
ゴールドクレスト,"(1, 0, 1)",1,0.8733785976917773,0.6620763092747848,429.7083183146962,0.9099153152519743,0.6688456051674253,0.4110092978219483,1.219530096268736e-31,5
ゴールドクレスト,"(1, 0, 1)",2,0.9418955039344127,0.7219334685804253,457.8674143388254,0.9915867358471133,0.736517487075346,0.10120215353373713,0.0980808531000102,5
ゴールドクレスト,"(1, 0, 1)",3,0.9323375186253795,0.7200494669659108,454.2376393365008,0.9945703400609498,0.7419405094933336,-0.06414853840230628,0.23676075248164608,5
ゴールドクレスト,"(1, 0, 1)",6,0.9282378438985385,0.7111915262814745,453.2791026172238,0.9894663428322094,0.7355113774855017,-0.009504434473963229,0.8404373753020257,5
ゴールドクレスト,"(1, 1, 1)",0,0.9339335957499655,0.7225825030942745,462.34217154928103,0.9921147212510546,0.7404081377665264,0.18385300657170822,0.0010902240515467299,5
ゴールドクレスト,"(1, 1, 1)",1,0.8740771196230872,0.6612283748365347,431.1293527467299,0.9272450922736406,0.6786102342270044,0.41476962233375386,1.3826314239081244e-30,5
ゴールドクレスト,"(1, 1, 1)",2,0.9408141832984744,0.7216225852478957,457.88746549562086,1.0104998431628684,0.7479031229866999,0.09126369708714982,0.12602553134712444,5
ゴールドクレスト,"(1, 1, 1)",3,0.948910540197244,0.7335446676891011,457.45992251235003,1.0236273380571097,0.7575800500527984,-0.060550743463981975,0.24661508772002994,5
ゴールドクレスト,"(1, 1, 1)",6,0.9382226059319381,0.7226739539905329,455.18359284092037,1.014850751258331,0.7490672996876806,-0.002248250316971677,0.964934443584976,5
ゴールドクレスト,"(2, 0, 1)",0,0.9292156090793983,0.7196789615032542,460.60552284741516,0.9777973930791587,0.7238865624513656,0.19908215982852517,0.0006206220021574422,5
ゴールドクレスト,"(2, 0, 1)",1,0.8764155465077185,0.6657566129113611,429.55495849784666,0.9088007063282049,0.6679543952741004,0.41907909552960954,2.8725201047810418e-34,5
ゴールドクレスト,"(2, 0, 1)",2,0.9399249875738491,0.7191538314277486,459.06222665941766,0.988339675770161,0.7319966307857405,0.10240895610296465,0.09057657551797278,5
ゴールドクレスト,"(2, 0, 1)",3,0.9349418446813763,0.7268795930406527,455.58179493616655,0.9950624352206648,0.7409721012649808,-0.0910590901686497,0.11447426308685012,5
ゴールドクレスト,"(2, 0, 1)",6,233806558826187.84,55427760791266.375,543.4405473573883,0.9925363892340281,0.7387280182880503,-0.0024990256654808065,0.9603635873023557,5
エスリード,"(1, 0, 1)",0,0.918853624551323,0.7135467126292891,453.29912129604674,0.9928265807473691,0.7169885627702721,0.00554490669625263,0.9279133580279227,5
エスリード,"(1, 0, 1)",1,0.8004670816904025,0.6157159580473184,418.5877207170473,0.8798707403948286,0.6372628123550675,0.4813431402059027,2.0760638001203542e-19,5
エスリード,"(1, 0, 1)",2,0.9211657475814136,0.7203307509986463,437.81432473264886,0.9673668126461361,0.7084574612381123,0.256903135200883,3.893800256994261e-06,5
エスリード,"(1, 0, 1)",3,0.9114846908830891,0.7069942026097695,443.22188973168466,0.9920376136593793,0.7172593616139552,0.0656369244032416,0.25191657786388644,5
エスリード,"(1, 0, 1)",6,0.9093024215090294,0.7105765781554125,444.8472149335648,0.9906356583822153,0.7143117425817521,-0.0003044206386350034,0.9959802156165724,5
エスリード,"(1, 1, 1)",0,0.9398241769507326,0.7364573865421837,455.59093160920094,1.0070195875761303,0.7285364980318136,0.016484763904109228,0.7893372166518979,5
エスリード,"(1, 1, 1)",1,0.8174911618062431,0.6403817902472136,420.7007051010013,0.8936440000368941,0.6539227416629302,0.47652937741751045,7.604593995142684e-19,5
エスリード,"(1, 1, 1)",2,0.9319843573409823,0.7369267735003744,437.6700860064214,0.9879643438819014,0.7187374084998907,0.2644229939411764,5.220657153514154e-06,5
エスリード,"(1, 1, 1)",3,0.939372421130569,0.7428572361557186,446.9644170556479,1.0129746245136582,0.7327296036183727,0.07564667199765518,0.17176763294779485,5
エスリード,"(1, 1, 1)",6,0.9242422562051651,0.7247203953047003,447.1936062138581,1.0057089400855237,0.729438963598972,-7.042719876594058e-06,0.9999024185618764,5
エスリード,"(2, 0, 1)",0,0.9180963337788851,0.7126243171611449,454.7778734477335,0.9938703933780617,0.7177047174799279,0.003167602070192476,0.9589821039856787,5
エスリード,"(2, 0, 1)",1,0.803766721286232,0.6188138107143417,420.51011902120837,0.8806846871123509,0.6381402247960155,0.4821177831517134,1.3000721072636563e-18,5
エスリード,"(2, 0, 1)",2,0.9206610990555987,0.7198222686543451,439.79773258236617,0.9673144459349275,0.7080170827152261,0.25397588659746867,8.724026797422442e-06,5
エスリード,"(2, 0, 1)",3,0.9263462912393582,0.7190839117996003,445.04516405562316,0.9918332256486132,0.7164951677634496,0.06125433345411098,0.29121431855672486,5
エスリード,"(2, 0, 1)",6,0.9500628320858333,0.7617607703598173,445.88755233409665,0.9900416700351524,0.7118707785042233,0.0019056808076307731,0.973634488712653,5
プロパスト,"(1, 0, 1)",0,0.637469796882358,0.44718409406063814,376.24534722418895,0.9836350094017812,0.5903444707691502,0.0536982259761647,0.43999733600862156,5
プロパスト,"(1, 0, 1)",1,0.6497808693985965,0.4635914159757342,356.66682684607156,0.9197149742566346,0.563311483635319,0.3713865480538011,5.755776833361758e-15,5
プロパスト,"(1, 0, 1)",2,0.6294465567968043,0.43101611432573284,371.35794277532875,0.9789501924477255,0.5862797851014621,-0.07841265641944621,0.1841623023037401,5
プロパスト,"(1, 0, 1)",3,0.6581316450460161,0.4962904461256647,363.78294783984956,0.9645122500998062,0.6061840533582629,0.19208276225562493,0.002811751261007907,5
プロパスト,"(1, 0, 1)",6,0.5605257703949251,0.39484116496554267,371.39215366352767,0.9884503753523761,0.5922526269670171,-0.042196290827940644,0.403733733581882,5
プロパスト,"(1, 1, 1)",0,0.6629527319320351,0.4658856281089888,378.5541830131929,1.0260089587387524,0.615401691567441,0.07418951745918283,0.27016227846534135,5
プロパスト,"(1, 1, 1)",1,0.6588619815051607,0.4583388757979794,360.5606490459362,0.9759415044668072,0.5729524565260837,0.3528736886224683,1.0395444592637685e-12,5
プロパスト,"(1, 1, 1)",2,0.6754665718021269,0.4705110356088332,373.06568488969845,1.0068346658810987,0.5997927848956915,-0.08875776401300939,0.11914987344706146,5
プロパスト,"(1, 1, 1)",3,0.6792505987278787,0.4903032057760125,367.47744531867966,0.9928204146072276,0.607337703326015,0.15625555752506762,0.005567750257287152,5
プロパスト,"(1, 1, 1)",6,0.5694348467187988,0.4029895795163564,373.59820627595985,1.0115186428773533,0.5952296901257758,-0.053055131684007155,0.20527417997926412,5
プロパスト,"(2, 0, 1)",0,0.6387188127884583,0.45100539102673604,378.5718612445838,0.9832298718906965,0.5910645915345621,0.05436199466280172,0.4493624315398902,5
プロパスト,"(2, 0, 1)",1,0.6487362623361042,0.4650679956433363,357.97936259985624,0.9178366146011089,0.56464182592704,0.37713476590803674,1.3029242279842314e-14,5
プロパスト,"(2, 0, 1)",2,0.6367238959814451,0.4376554063701537,373.35573833657753,0.9789806417193775,0.5863166433319577,-0.07562123950563021,0.21842830026521354,5
プロパスト,"(2, 0, 1)",3,0.6965577760447739,0.5459295434591799,362.5002077301016,0.9578525738755541,0.6155170616832749,0.25012553598273507,0.00036538127951238954,5
プロパスト,"(2, 0, 1)",6,0.5605303224839912,0.39510341212397726,373.2991314601413,0.9882187503860808,0.5925828810853108,-0.038010120171561274,0.5754176140740294,5
アーバネットコーポレーション,"(1, 0, 1)",0,0.7031980569125768,0.4780069259246069,356.5316074774874,0.9660715209407017,0.5998650121157456,-0.00188966990093138,0.9769785439270317,5
アーバネットコーポレーション,"(1, 0, 1)",1,0.6812733240502205,0.5358636941132131,319.0522264513176,0.8519252713879468,0.5772075443789247,0.4793996087006991,8.248578757777976e-14,5
アーバネットコーポレーション,"(1, 0, 1)",2,0.7041329018117832,0.510215227994902,355.02061800890954,0.957460292895325,0.6156718679624446,0.18062640625939114,0.0042716377732089205,5
アーバネットコーポレーション,"(1, 0, 1)",3,0.6907831976321723,0.4637304530639562,356.6463376515041,0.9747372505057114,0.5969495221115334,-0.02462736233718441,0.6990392508251868,5
アーバネットコーポレーション,"(1, 0, 1)",6,0.6911961394806191,0.4635330815974855,340.91006092312574,0.9619102509028828,0.5987780348263739,0.029300683826279185,0.6301119392048014,5
アーバネットコーポレーション,"(1, 1, 1)",0,0.7822885070403622,0.5890339385664964,358.64525422542755,0.990311978716797,0.6281656273111008,-0.0031654697074431377,0.9580052572531977,5
アーバネットコーポレーション,"(1, 1, 1)",1,0.6975481146057969,0.5298219243283718,319.7573726835354,0.8702960659452348,0.6033465794080207,0.48096766281153275,1.2628128264728688e-16,5
アーバネットコーポレーション,"(1, 1, 1)",2,0.7373377803541741,0.5352701530925822,354.2398940194865,0.9745363977841516,0.6421745850729405,0.2155178670843797,0.00280640717908893,5
アーバネットコーポレーション,"(1, 1, 1)",3,0.7397206839054599,0.5104151215744271,359.51338413128786,1.0003270522432859,0.6280055226387116,-0.031918335082058956,0.5959568386093688,5
アーバネットコーポレーション,"(1, 1, 1)",6,0.7387150282750644,0.5126297335875385,345.08994321686794,0.9945607043022503,0.6307572974994985,0.018034741029835162,0.7316467375871336,5
アーバネットコーポレーション,"(2, 0, 1)",0,0.7051185557501602,0.47796412219118434,357.6082165810102,0.9657410992123523,0.5994890372023833,0.007425217290546972,0.9094345855615645,5
アーバネットコーポレーション,"(2, 0, 1)",1,0.6882270874082244,0.5443379550953985,321.82035700351133,0.8636802858631271,0.5927011277358555,0.508461391942957,2.901572917329307e-14,5
アーバネットコーポレーション,"(2, 0, 1)",2,0.718863150651435,0.5225680402684187,353.845633196122,0.95004298767369,0.6164212972192954,0.22256052415487118,0.0013055212712971866,5
アーバネットコーポレーション,"(2, 0, 1)",3,0.6917553172202122,0.46179106135139536,357.7736985414971,0.9743373216521423,0.5961354163164317,-0.024565091515904438,0.7058562974016143,5
アーバネットコーポレーション,"(2, 0, 1)",6,0.6952162148146003,0.46868116645255287,342.898489179292,0.9619814778024214,0.5988818893644494,0.029753208985568057,0.626439069117403,5
セントラル総合開発,"(1, 0, 1)",0,0.8301787798418301,0.6124366352451753,366.18147772116413,0.9760953267688613,0.5939246609884407,0.13650461022229748,0.00835102760385227,5
セントラル総合開発,"(1, 0, 1)",1,0.7660922721579594,0.573961336256595,348.05818178396856,0.9229854631937545,0.5702458318206484,0.37748789505648234,1.5381424813569974e-11,5
セントラル総合開発,"(1, 0, 1)",2,0.7873557407760128,0.5912816537422004,364.3047907945544,0.9842018171374772,0.6086045248799208,0.10972458406470059,0.21319014028996885,5
セントラル総合開発,"(1, 0, 1)",3,0.7693766545759432,0.5756050270443889,360.5229960511729,0.9805299449625807,0.6203947673418698,0.14209143423026058,0.06690721090487944,5
セントラル総合開発,"(1, 0, 1)",6,0.7379838682285949,0.5339626693214427,364.368589061462,0.990915625704661,0.61024759652733,-0.0912774202861933,0.18501615944713734,5
セントラル総合開発,"(1, 1, 1)",0,0.7969163662868364,0.5745840985358248,369.8704312221547,0.9924228072940526,0.6077015022111173,0.160396143178821,0.0027314096878575445,5
セントラル総合開発,"(1, 1, 1)",1,0.7599612756134377,0.560355706518372,352.5950327510518,0.9379340172944609,0.5825074923972309,0.3900949208798924,7.435505003436919e-14,5
セントラル総合開発,"(1, 1, 1)",2,0.7735070952260996,0.5620510695894405,367.4392177151848,1.002618921052068,0.6164458610181681,0.14090520654700026,0.11756169655310546,5
セントラル総合開発,"(1, 1, 1)",3,0.7736924827077186,0.5754866345586691,362.8973148501888,0.9987630638094862,0.6339516849845572,0.1611355979608328,0.002562214261086729,5
セントラル総合開発,"(1, 1, 1)",6,0.7442537596044707,0.5457065395372359,367.13686446314597,1.0126254794825844,0.6254177254453973,-0.0967159280067868,0.12350130576135232,5
セントラル総合開発,"(2, 0, 1)",0,0.8224693129515119,0.6074923290178351,363.94717082813236,0.9578939881953811,0.609553566481097,0.12639447828951322,0.005147950618816979,5
セントラル総合開発,"(2, 0, 1)",1,0.7446974111310956,0.5432247385745465,352.0533039627213,0.9196941630900288,0.5722355446219348,0.36167896019780793,4.913710443740583e-10,5
セントラル総合開発,"(2, 0, 1)",2,0.7706821120648736,0.5693164361422436,363.99515958635004,0.9763513188779699,0.6097080737935714,0.10703251539282838,0.2153168847515755,5
セントラル総合開発,"(2, 0, 1)",3,0.787057576946462,0.5878169207524586,358.16489385768654,0.9768789265965905,0.6187871400289117,0.115837110379745,0.17962251054555667,5
セントラル総合開発,"(2, 0, 1)",6,0.75013861320102,0.5409503708038427,361.2053193387784,0.9721529027377532,0.6223230792648736,-0.08258634096072531,0.2551677420875684,5
ディア・ライフ,"(1, 0, 1)",0,0.7281836555626666,0.5343616611581117,313.9645195171878,0.9927037513428197,0.6127082217211697,0.052439046523285876,0.4678970933346771,5
ディア・ライフ,"(1, 0, 1)",1,0.6781253418301636,0.49548426741510354,285.15025592642644,0.9182671461034797,0.5626166935188879,0.4191413534797253,1.08691908854127e-22,5
ディア・ライフ,"(1, 0, 1)",2,0.7681904103221134,0.5904337867193583,296.7518852661703,0.8361802936880114,0.5821548570710597,0.2798357324677321,8.492099860760235e-07,5
ディア・ライフ,"(1, 0, 1)",3,0.7494917521245862,0.5531353420528099,310.013708612465,0.8736627274861821,0.5772395407702435,0.08571250502573637,0.18498612851324592,5
ディア・ライフ,"(1, 0, 1)",6,0.7300830014190789,0.5333324431436705,298.3140428636415,0.8910808532430522,0.5796647906590463,0.01822680906795825,0.8017318725089569,5
ディア・ライフ,"(1, 1, 1)",0,0.7391270578385358,0.5438114280510262,325.70296945292364,1.1390098779484612,0.6844575168850813,0.0010651523039583329,0.9861199663338228,5
ディア・ライフ,"(1, 1, 1)",1,0.6764262744845624,0.49262735915859046,285.0048010361988,1.028195190141006,0.599581318327161,0.40289067577355464,1.1827016943679659e-18,5
ディア・ライフ,"(1, 1, 1)",2,0.7585555262367791,0.5778059986683399,296.8333595185424,0.8454035322692394,0.5904523787485088,0.2643921386524359,2.357410418043158e-06,5
ディア・ライフ,"(1, 1, 1)",3,0.7431959140101844,0.5482735970359613,311.33519469474584,0.8777661956257747,0.6009141242127949,0.06635605861850204,0.23783177272195322,5
ディア・ライフ,"(1, 1, 1)",6,0.7342950299763086,0.5364471934894299,301.12896013608304,0.894996159445877,0.6052182994912076,0.01903583160655944,0.7731411208939551,5
ディア・ライフ,"(2, 0, 1)",0,0.7300386100718246,0.5358740853189586,316.0227031697308,0.9919558936254246,0.6128198340390403,0.05198871608256516,0.4778175531083946,5
ディア・ライフ,"(2, 0, 1)",1,0.6816566519752076,0.4988341785744962,286.51370619067603,0.9304906916906174,0.5720015535993896,0.4269006146873222,1.0398267457988881e-22,5
ディア・ライフ,"(2, 0, 1)",2,0.7686201595677131,0.5910725480494307,296.2544275843505,0.8559117347862455,0.6102854789175841,0.4642743130763952,3.992974918580245e-23,5
ディア・ライフ,"(2, 0, 1)",3,0.7704196701300174,0.5688175186598363,313.4890403190777,0.873693078690313,0.5771475258742327,0.08691538884160455,0.2031751366763207,5
ディア・ライフ,"(2, 0, 1)",6,0.730781480373072,0.534301007756884,300.11489509038,0.8620588482931945,0.5806928073541657,0.009008474741586461,0.9036439080068659,5
コーセーアールイー,"(1, 0, 1)",0,0.9758151632045406,0.7377754766941707,239.45082594172817,0.9861499968011698,0.6980620996766009,0.06874870345562177,0.3591730091822838,5
コーセーアールイー,"(1, 0, 1)",1,0.884661438800833,0.6384978858390795,229.1293135222326,0.8970687327659421,0.6290140633468426,0.40561325170071505,8.113961424547443e-07,5
コーセーアールイー,"(1, 0, 1)",2,0.9190554851600432,0.6604210373876875,245.3721803643669,0.9708800745000046,0.6893802410169555,0.03216352090661118,0.7489065770478986,5
コーセーアールイー,"(1, 0, 1)",3,0.9117272901988149,0.6503054006337384,242.03281781895785,0.9743212660347074,0.6839231303319153,-0.09710112352973646,0.2635120829500218,5
コーセーアールイー,"(1, 0, 1)",6,0.9306153690146047,0.6651182649037607,229.7608849068175,0.9722389734762932,0.683463959409568,0.05117083448144747,0.5483115389480506,5
コーセーアールイー,"(1, 1, 1)",0,0.9093488791133751,0.6669519382807898,249.34797174842842,1.0453339142976177,0.7349013565155373,0.03169599891642765,0.6959149476695357,5
コーセーアールイー,"(1, 1, 1)",1,0.8869112209803861,0.6379934453736807,234.3310631532021,0.927339802187125,0.6390287774110464,0.3953805484039747,5.183830424086884e-06,5
コーセーアールイー,"(1, 1, 1)",2,0.9281929849579317,0.6746972083646149,249.11655059022218,1.000471226267268,0.7155456484320805,0.014819761620150659,0.887053759968676,5
コーセーアールイー,"(1, 1, 1)",3,0.9335075121654717,0.6889818436285142,241.9066816093883,0.995297116424408,0.7135456212657146,-0.10450302993686147,0.22649652668663356,5
コーセーアールイー,"(1, 1, 1)",6,0.9525420570915142,0.7006953371067741,232.7180655642441,0.9860628193354802,0.6994412204926365,0.057557510579202054,0.4777345685001929,5
コーセーアールイー,"(2, 0, 1)",0,0.9112933322084686,0.672532987972825,243.79054723908388,0.9859262957207187,0.6980924233495095,0.06462241165596219,0.3933985910625667,5
コーセーアールイー,"(2, 0, 1)",1,0.8877521503734499,0.6470973494358578,231.70981490930154,0.9045963326636269,0.6346130379844331,0.40596215240966427,1.8312143779882182e-06,5
コーセーアールイー,"(2, 0, 1)",2,0.9154973040248443,0.6613147406588635,246.87622041816167,0.970095288605296,0.6906665723755238,0.030628893120335628,0.7658646056072516,5
コーセーアールイー,"(2, 0, 1)",3,0.9105909351265492,0.6509077841672457,243.65649936580297,0.9761795873486964,0.6836646837079382,-0.10401856677961312,0.24916406033311,5
コーセーアールイー,"(2, 0, 1)",6,0.9282691843237385,0.663040415128309,231.4803101131215,0.9524808669611371,0.671726163594016,0.049672115660793395,0.5629207342098965,5
コスモスイニシア,"(1, 0, 1)",0,0.9843678862325328,0.6965979414316138,444.5301325139174,0.9957100587598706,0.6488286669377277,0.08312643244639202,0.12454240877724444,5
コスモスイニシア,"(1, 0, 1)",1,0.9229871993024013,0.6554626286716129,411.2841825361412,0.9071825441673135,0.5948757569885201,0.43102440371577266,9.439014302971222e-16,5
コスモスイニシア,"(1, 0, 1)",2,0.9829078625275225,0.7124617105306327,434.32234798749107,0.9850538341626157,0.6520832188447185,0.20338942456796225,0.006264079839748893,5
コスモスイニシア,"(1, 0, 1)",3,0.9790538042686817,0.6851422747120359,438.59723306644685,1.0004157626937022,0.6511640538887841,0.020681156766346763,0.7437407795347268,5
コスモスイニシア,"(1, 0, 1)",6,0.9881657110970096,0.6973492845226534,437.34363477938524,1.0034526840101015,0.651356697470652,-0.0232819483928758,0.6106737096693822,5
コスモスイニシア,"(1, 1, 1)",0,1.0354413856001445,0.7343370005406513,445.4887599492523,1.0022881447075365,0.6472979191242677,0.07251721161554579,0.18270983957060216,5
コスモスイニシア,"(1, 1, 1)",1,0.9510783205086775,0.6778239130565133,413.36930201958023,0.9190944676889118,0.6012680117193517,0.4371815028410091,8.582760422813532e-17,5
コスモスイニシア,"(1, 1, 1)",2,1.0331873955503914,0.7536783483174542,436.149692304302,0.9935591391706852,0.6597678884617466,0.1997548653940792,0.006173011163005201,5
コスモスイニシア,"(1, 1, 1)",3,1.036290347953663,0.7322007217291004,439.2932791954554,1.0077770588864332,0.6533140286479069,0.025584137289525657,0.6865625967353329,5
コスモスイニシア,"(1, 1, 1)",6,1.02944791548928,0.72963580891319,439.5885099056576,1.0086630199923292,0.6522234132867475,-0.023215697460302335,0.6443993614295419,5
コスモスイニシア,"(2, 0, 1)",0,0.9800973339123515,0.6976590349571088,446.7819777705419,0.99521042491283,0.6496280560925476,0.08788000398917195,0.10532871949541862,5
コスモスイニシア,"(2, 0, 1)",1,0.9231560296815369,0.6554131693588855,412.6402305003259,0.9060707474845513,0.594682647978237,0.4344077697772141,9.006712613958863e-16,5
コスモスイニシア,"(2, 0, 1)",2,0.983263120168077,0.7120600962905947,435.95896877314544,0.9848154497154025,0.6528383572270992,0.20664527344409847,0.00536429968452316,5
コスモスイニシア,"(2, 0, 1)",3,0.9800562242610914,0.6857280146070106,440.36933255855945,1.000158527194109,0.6503797031329649,0.03817050976875134,0.5845610182078884,5
コスモスイニシア,"(2, 0, 1)",6,0.9941378241452423,0.6998707612657264,438.75250333378125,1.0034010146439958,0.6512703314285707,-0.024291575631388573,0.5954903616822309,5
日神グループホールディングス,"(1, 0, 1)",0,0.9315377133289078,0.7008703348159918,457.13676463078747,0.9825216122783831,0.7045006815136944,-0.03594165270084284,0.5158554748407743,5
日神グループホールディングス,"(1, 0, 1)",1,0.8227459353497837,0.601813731049966,415.0341747597351,0.8751356124992713,0.6187346809792624,0.5036285699562095,1.8807979514249945e-25,5
日神グループホールディングス,"(1, 0, 1)",2,0.922919702285834,0.6969077337957068,444.12078834527637,0.9734075256344336,0.6995006286944874,0.18804423837176695,0.0030423363724516074,5
日神グループホールディングス,"(1, 0, 1)",3,0.9180029096072984,0.6917177431916538,441.3965989204768,0.9879130581451459,0.69835483037668,0.05536408371165638,0.39006127630315457,5
日神グループホールディングス,"(1, 0, 1)",6,0.9450907533477174,0.7124494327779439,440.6805932023568,0.9707142288810906,0.6888675312745853,-0.004848534793093189,0.9338881332431626,5
日神グループホールディングス,"(1, 1, 1)",0,1.1811126656700313,0.9340525554951224,461.424253294061,0.9983108990411683,0.7184755391820578,-0.05127247607399108,0.3355059506525674,5
日神グループホールディングス,"(1, 1, 1)",1,0.8486867664500798,0.641759430300245,422.46111214822815,0.8853436380069767,0.6287909354631583,0.4938131261734466,2.106856425084002e-26,5
日神グループホールディングス,"(1, 1, 1)",2,0.9371876089703722,0.7218547690192686,448.8949280561384,0.995638727039045,0.717860292177725,0.16758381661390512,0.00893371411336032,5
日神グループホールディングス,"(1, 1, 1)",3,0.9226805430495928,0.6960952998572496,445.17320716567184,1.0129974071533023,0.7232819325438522,0.034097519232303496,0.5584020240269632,5
日神グループホールディングス,"(1, 1, 1)",6,0.9484880382827224,0.7178161037974772,441.8759962482303,0.9848562348414959,0.7032941522756032,0.0004159334395468765,0.9941582075014999,5
日神グループホールディングス,"(2, 0, 1)",0,0.9291750300822814,0.700891296024492,459.5698167592078,0.9850802417043412,0.7069083794240426,-0.05092553870200553,0.35560261081262157,5
日神グループホールディングス,"(2, 0, 1)",1,0.8221324602004062,0.6007169223678724,416.85748373079804,0.8753412447576455,0.6199783150831836,0.502331271888862,2.362146202902174e-25,5
日神グループホールディングス,"(2, 0, 1)",2,0.9204072509238482,0.6957589651796294,445.7517292910479,0.9784939885357379,0.703479195688039,0.17859441550218774,0.00573832128627271,5
日神グループホールディングス,"(2, 0, 1)",3,0.9186299634803048,0.6928056042010635,443.18128798294566,0.9875601872497252,0.6975303981902844,0.06718600738583817,0.30763801760520293,5
日神グループホールディングス,"(2, 0, 1)",6,0.9397268789117972,0.7105375831492482,443.36626336135885,0.9703045757706475,0.6893127530486534,-0.0006418128142022028,0.9911541351846382,5
シーラホールディングス,"(1, 0, 1)",0,0.7070112330116631,0.5207645967964312,473.80320849144056,0.995685378792566,0.6727142247633577,0.060924229203588205,0.27993869461118226,5
シーラホールディングス,"(1, 0, 1)",1,0.6846732554720217,0.5062897546059926,453.669787231912,0.955384089144378,0.6431691927522203,0.3088670065884772,9.579182145159818e-11,5
シーラホールディングス,"(1, 0, 1)",2,0.7328597296871718,0.5338393242928078,462.51496375108206,0.9543162598073217,0.6490053839904264,0.14300411209040004,0.016317245740912673,5
シーラホールディングス,"(1, 0, 1)",3,0.7216963916670307,0.5162625210471276,463.0439739426871,0.9714073493538482,0.6566469813444608,0.023813377897705303,0.6357554337189413,5
シーラホールディングス,"(1, 0, 1)",6,0.7116311949422383,0.5147593608646667,457.20603238426736,0.9642282904479036,0.6528370164605782,-0.041986797022613764,0.3481410788438223,5
シーラホールディングス,"(1, 1, 1)",0,0.7190261172461485,0.5138538010637774,483.7848818192654,1.0438892300481055,0.6911120950224147,0.029135959539762446,0.5980788231762352,5
シーラホールディングス,"(1, 1, 1)",1,0.6927627857731941,0.5079634444073331,453.7947267168307,0.9886300092271911,0.6595927671737662,0.3111943927807977,9.224593392199798e-13,5
シーラホールディングス,"(1, 1, 1)",2,0.7472574513991725,0.5366587875939635,462.6540678693791,0.995235426201861,0.6719252540443961,0.13958340526370644,0.026565849162866334,5
シーラホールディングス,"(1, 1, 1)",3,0.7228448750601421,0.5181760300482665,465.7650520134929,1.0167104656589703,0.6755617459913892,0.01764798842843818,0.7286602324836717,5
シーラホールディングス,"(1, 1, 1)",6,0.7154633815221318,0.5199721271510067,457.35415961598403,0.9910270784269002,0.6705700264828227,-0.03957622405360993,0.3648426145715771,5
シーラホールディングス,"(2, 0, 1)",0,0.7031299214169607,0.5110949784481479,474.9021226318936,0.9907387281274584,0.6678026898970858,0.04536666047007867,0.4376586611476002,5
シーラホールディングス,"(2, 0, 1)",1,0.6867893237859594,0.5078237408404183,456.1705890777636,0.9482147784586253,0.6407096295970772,0.30713842862799917,2.496653385343879e-10,5
シーラホールディングス,"(2, 0, 1)",2,0.731803196167991,0.5310977356908528,463.63427120558083,0.9554312180676161,0.6508506303829,0.13778020476446504,0.016644893795524262,5
シーラホールディングス,"(2, 0, 1)",3,0.7100534208075521,0.5107728819861337,461.2829420904085,0.9652927896905893,0.6551985381960106,-0.004763324758982135,0.9288630469598473,5
シーラホールディングス,"(2, 0, 1)",6,0.7081933331472985,0.5176344391387535,454.9556424332847,0.948553679895941,0.6500426430043229,-0.060464052223636225,0.19034296441654142,5
日本エスコン,"(1, 0, 1)",0,0.5842097917765884,0.3122713245855771,467.74847166549546,0.9695886593397526,0.3047728293507486,0.10528718347164642,0.01607800628904738,5
日本エスコン,"(1, 0, 1)",1,0.5210495320514092,0.24716785612057426,472.7507870939533,0.9713346520974074,0.2895406643742182,0.11298284742501186,0.10983700880191857,5
日本エスコン,"(1, 0, 1)",2,0.581075271531341,0.2960234848114485,471.6672589810763,0.9783450959260137,0.30222078990384843,0.04126184115506771,0.5533687101300622,5
日本エスコン,"(1, 0, 1)",3,0.5250236361704251,0.2582574201704498,469.6430288996663,0.9792742465139507,0.299062087292569,0.014694303447972191,0.7998686711811837,5
日本エスコン,"(1, 0, 1)",6,0.5575663789386629,0.2815095347719188,462.2122193552267,0.9832689183175054,0.30180044930437067,0.026557625430632937,0.6982602595023815,5
日本エスコン,"(1, 1, 1)",0,0.6016678076473938,0.33484994349299596,469.7132127578276,0.9835076089673407,0.3436583774738119,0.10495532172006761,0.10772340456757316,5
日本エスコン,"(1, 1, 1)",1,0.5447135311121432,0.2774250251039499,474.2389009838006,0.9859160980210049,0.3279768006685167,0.11198579574594227,0.3353106258086884,5
日本エスコン,"(1, 1, 1)",2,0.5694127581394899,0.29709365272514876,473.27222899299085,0.9949554258201422,0.3342298562372888,0.03163350306311596,0.640860520008305,5
日本エスコン,"(1, 1, 1)",3,0.544099969211526,0.28253628334717623,471.3625747712746,0.9930551174568203,0.3315316682464343,0.005442113014946317,0.9515394948495568,5
日本エスコン,"(1, 1, 1)",6,0.58193739266045,0.3081710971236785,463.8492842141982,0.9979091938013998,0.3387665677426591,0.022193353610343348,0.8207362516728303,5
日本エスコン,"(2, 0, 1)",0,0.5841329646563217,0.3121036610007593,469.72705306803346,0.9695919499548054,0.3052214280506756,0.10546878181610109,0.01674302214508811,5
日本エスコン,"(2, 0, 1)",1,0.5213809687293557,0.24762808558470115,474.5371211470362,0.9715819044374023,0.29146074132516836,0.11299154110382227,0.10856367179327911,5
日本エスコン,"(2, 0, 1)",2,0.5718402717971941,0.2928506080810437,473.3194574904575,0.9779937061895161,0.30313424172805475,0.04089527000940018,0.5567124916331843,5
日本エスコン,"(2, 0, 1)",3,0.5243369527773151,0.2578427889460221,471.59566812400516,0.9792457987506074,0.3007981559671026,0.014755952019200927,0.8097316277028819,5
日本エスコン,"(2, 0, 1)",6,0.5581789234622903,0.281785984589022,464.15808618643695,0.9831893953027386,0.3029111957954069,0.025902978696728574,0.7098612071505019,5
